model,feature_set,random_seed,test_size,feature_dimension,r2,mae,rmse,mape,test_pred_1,test_pred_2,test_pred_3,test_in_range,r2_above_07,conditions_met
CatBoost,maccs,350,0.2,167,0.956674796,2.651501709,2.679241695,3.39252E+15,16.44276025,17.05226216,15.87635102,TRUE,TRUE,TRUE
CatBoost,maccs,300,0.2,167,0.938624369,2.641090245,3.079709327,2.77736E+15,11.97557279,14.27329894,14.24752897,TRUE,TRUE,TRUE
XGBoost,descriptors,350,0.2,217,0.925778554,2.336973861,3.506761996,2.36073E+15,37.53436279,37.53436279,37.53870392,TRUE,TRUE,TRUE
RandomForest,maccs,275,0.2,167,0.911436669,3.1272,3.425264469,1.1394E+15,14.55392,14.703,14.7741,TRUE,TRUE,TRUE
XGBoost,descriptors,300,0.2,217,0.895411531,2.976309338,4.020255406,4.96482E+15,37.53311539,37.53356171,37.53801727,TRUE,TRUE,TRUE
RandomForest,maccs,300,0.2,167,0.878046258,4.3112725,4.341195133,3.9963E+15,18.14221,17.73702,18.19645,TRUE,TRUE,TRUE
RandomForest,maccs,275,0.3,167,0.864662962,3.203135,3.892052386,1.28765E+15,12.18215,12.56249,12.749,TRUE,TRUE,TRUE
RandomForest,rdkit,300,0.2,512,0.861538691,3.695115,4.625683978,3.22623E+15,13.48459,14.28274,10.94023,TRUE,TRUE,TRUE
CatBoost,maccs,300,0.3,167,0.852726322,3.719001554,4.096044062,2.02077E+15,14.27127804,15.48510488,18.01645681,TRUE,TRUE,TRUE
CatBoost,maccs,275,0.2,167,0.846042973,3.618064001,4.516134812,2.39967E+15,13.56437817,14.23900525,13.61013813,TRUE,TRUE,TRUE
CatBoost,maccs,400,0.3,167,0.837962378,3.290202332,4.233410992,0.653875954,10.80937869,10.17276816,12.28052077,TRUE,TRUE,TRUE
XGBoost,descriptors,300,0.3,217,0.825844091,3.58423925,4.454214842,1.13747E+15,37.53395844,37.53395844,37.5387764,TRUE,TRUE,TRUE
RandomForest,maccs,400,0.3,167,0.814873275,3.57548,4.524984143,0.804850661,14.18138,14.7352,14.33932,TRUE,TRUE,TRUE
XGBoost,descriptors,400,0.3,217,0.780097252,3.683077404,4.931713402,0.488094921,37.5337677,37.5337677,37.5387764,TRUE,TRUE,TRUE
RandomForest,descriptors,275,0.2,217,0.76463873,4.455495,5.583861505,2.04349E+15,14.89227,15.89272,19.11867,TRUE,TRUE,TRUE
RandomForest,maccs,350,0.2,167,0.758221269,6.1238625,6.329226419,3.97777E+15,16.6929,16.47145,16.63932,TRUE,TRUE,TRUE
RandomForest,maccs,400,0.2,167,0.754293658,4.882765,5.478156192,0.570364043,12.47396,12.98156,12.64011,TRUE,TRUE,TRUE
RandomForest,maccs,300,0.3,167,0.752141995,4.762806667,5.313779498,2.22806E+15,14.32747,14.37573,14.36495,TRUE,TRUE,TRUE
XGBoost,descriptors,400,0.2,217,0.704995195,5.355258575,6.002618911,0.577453374,37.53125763,37.53125763,37.53874969,TRUE,TRUE,TRUE
XGBoost,rdkit,325,0.2,512,0.97545914,0.379521471,0.532556604,8.11404E+14,30.85842896,3.758371592,7.218065739,FALSE,TRUE,FALSE
XGBoost,all,325,0.2,1408,0.963243111,0.606670279,0.651763841,8.91099E+14,2.079491138,8.871981621,15.41104221,FALSE,TRUE,FALSE
CatBoost,maccs,275,0.3,167,0.946822383,2.229357228,2.439690748,2.11903E+15,9.521185728,8.695909757,10.40631392,FALSE,TRUE,FALSE
XGBoost,rdkit,300,0.2,512,0.926685944,1.931493693,3.365932205,9.67735E+14,37.53307343,5.02901268,8.418373108,FALSE,TRUE,FALSE
XGBoost,maccs,300,0.2,167,0.908022884,3.092686781,3.77008929,1.11613E+15,2.445991993,0.720727384,2.446939945,FALSE,TRUE,FALSE
XGBoost,rdkit,350,0.2,512,0.887319039,3.098953353,4.320826783,1.90992E+14,37.53685379,7.374659538,7.383062363,FALSE,TRUE,FALSE
XGBoost,maccs,350,0.2,167,0.88279342,3.654775002,4.406741564,1.56662E+15,1.10087359,1.476679802,1.098700047,FALSE,TRUE,FALSE
CatBoost,maccs,400,0.2,167,0.817003171,4.110191632,4.727679306,0.475262341,9.236267087,10.33762625,10.6590024,FALSE,TRUE,FALSE
XGBoost,rdkit,325,0.3,512,0.805652064,0.94513117,1.310913449,1.11506E+15,30.85900116,2.884931803,7.834130764,FALSE,TRUE,FALSE
XGBoost,maccs,400,0.3,167,0.759443674,4.006821721,5.158113492,0.682415514,1.081923842,1.37946403,1.096236348,FALSE,TRUE,FALSE
XGBoost,maccs,300,0.3,167,0.709277418,4.936764481,5.754948441,1.14437E+15,1.501865745,1.43806839,1.547817111,FALSE,TRUE,FALSE
XGBoost,maccs,400,0.2,167,0.701303188,5.405424019,6.040063732,0.591344437,0.959899366,2.48361969,0.959899366,FALSE,TRUE,FALSE
XGBoost,morgan,350,0.2,512,0.684562781,4.18158301,7.229330048,1.09843E+15,6.90156126,1.979716778,1.951869607,FALSE,FALSE,FALSE
RandomForest,rdkit,350,0.2,512,0.682705767,6.2190675,7.250578762,3.78741E+15,13.5068,12.9327,9.50826,FALSE,FALSE,FALSE
RandomForest,all,275,0.2,1408,0.672444456,4.37001,6.587332967,2.24707E+15,14.416,16.57556,17.65922,TRUE,FALSE,FALSE
CatBoost,descriptors,300,0.2,217,0.667739519,5.4556486,7.165575674,3.81359E+15,8.574642297,11.1549798,12.16643848,FALSE,FALSE,FALSE
RandomForest,all,300,0.2,1408,0.66203516,5.463415,7.226824412,4.77431E+15,12.02086,15.5262,16.13835,TRUE,FALSE,FALSE
RandomForest,descriptors,400,0.3,217,0.660448742,4.757255,6.128231666,1.230398431,14.31187,16.06492,19.406,TRUE,FALSE,FALSE
XGBoost,all,300,0.2,1408,0.654289449,4.611861655,7.30916994,1.37637E+15,2.756587029,6.000494957,6.32313633,FALSE,FALSE,FALSE
RandomForest,descriptors,275,0.3,217,0.651256687,3.946486667,6.247744887,8.57763E+14,12.92845,12.63848,14.26669,TRUE,FALSE,FALSE
XGBoost,all,350,0.2,1408,0.641386082,5.290117295,7.708238715,1.42968E+15,1.383041024,8.559418678,8.490511894,FALSE,FALSE,FALSE
CatBoost,descriptors,350,0.2,217,0.637866963,6.10999141,7.745967288,4.39052E+15,10.29604511,10.7905261,12.14213843,TRUE,FALSE,FALSE
XGBoost,all,325,0.3,1408,0.636494457,1.447919075,1.792831902,2.90564E+15,1.50605762,5.49685955,8.380028725,FALSE,FALSE,FALSE
RandomForest,rdkit,275,0.3,512,0.613756086,5.61587,6.575081918,3.92139E+15,13.8975,14.60783,10.55648,TRUE,FALSE,FALSE
XGBoost,maccs,325,0.2,167,0.609234148,1.878035162,2.125099119,2.09061E+15,2.403240919,1.265517831,2.448587894,FALSE,FALSE,FALSE
CatBoost,descriptors,400,0.3,217,0.593321035,4.89285181,6.706691921,1.080907881,9.115954904,11.88686515,14.27022833,FALSE,FALSE,FALSE
CatBoost,descriptors,300,0.3,217,0.580278643,5.481087846,6.914847198,2.28811E+15,9.55119156,9.368999155,14.42741872,FALSE,FALSE,FALSE
RandomForest,rdkit,275,0.2,512,0.576399022,6.688685,7.491100368,6.98125E+15,15.37761,16.54021,12.33867,TRUE,FALSE,FALSE
XGBoost,morgan,300,0.2,512,0.570333986,5.922182502,8.148492009,2.04381E+15,7.303683758,1.927615404,2.120227337,FALSE,FALSE,FALSE
CatBoost,all,400,0.3,1408,0.560326566,4.981705866,6.973448776,0.998483624,7.268248612,9.326648101,10.29394318,FALSE,FALSE,FALSE
CatBoost,morgan,350,0.2,512,0.538719925,6.199814368,8.742264314,8.49483E+15,5.430381131,6.285954066,5.905597873,FALSE,FALSE,FALSE
CatBoost,descriptors,275,0.2,217,0.536509119,5.986514729,7.835879267,1.76123E+15,8.95735325,10.87007092,16.9488569,FALSE,FALSE,FALSE
RandomForest,descriptors,350,0.2,217,0.530689271,7.16993,8.818035165,7.59836E+15,12.24518,14.54645,15.02747,TRUE,FALSE,FALSE
RandomForest,all,275,0.3,1408,0.529919716,4.517051667,7.253646083,2.09844E+15,10.6962,12.86494,14.73319,TRUE,FALSE,FALSE
XGBoost,morgan,300,0.3,512,0.528921458,5.23897134,7.325693003,1.42502E+15,7.372408867,1.897626758,2.065928936,FALSE,FALSE,FALSE
CatBoost,all,300,0.3,1408,0.52761603,5.375379429,7.335836265,2.78361E+15,7.799675375,10.76875639,10.25514765,FALSE,FALSE,FALSE
CatBoost,descriptors,275,0.3,217,0.518078582,5.63799639,7.344436117,1.49078E+15,12.34492949,10.91506588,17.67061792,TRUE,FALSE,FALSE
RandomForest,descriptors,400,0.2,217,0.512469976,6.3906625,7.716616387,0.551164892,14.72088,16.44085,19.11169,TRUE,FALSE,FALSE
RandomForest,descriptors,300,0.3,217,0.511291256,6.426321667,7.461516578,4.10948E+15,12.96714,13.9881,16.2625,TRUE,FALSE,FALSE
XGBoost,all,300,0.3,1408,0.509540777,5.433147468,7.474867634,1.545E+15,7.13457346,1.078299403,1.255056024,FALSE,FALSE,FALSE
RandomForest,all,400,0.3,1408,0.487005179,5.481201667,7.532497442,1.470747042,13.61204,17.64885,17.94163,TRUE,FALSE,FALSE
KNN,descriptors,350,0.2,217,0.483267289,6.5764,9.252829566,1.36729E+15,14.6398,14.6398,13.4822,TRUE,FALSE,FALSE
CatBoost,all,350,0.2,1408,0.48134838,6.836710123,9.269994033,3.2575E+15,5.620784326,10.63116324,8.747673542,FALSE,FALSE,FALSE
CatBoost,all,300,0.2,1408,0.469627932,6.481440564,9.053198951,3.5621E+15,9.06313651,11.53845667,10.72935121,FALSE,FALSE,FALSE
RandomForest,morgan,300,0.2,512,0.466490503,7.307845,9.079936671,7.41242E+15,6.74334,7.06765,6.30879,FALSE,FALSE,FALSE
RandomForest,rdkit,300,0.3,512,0.464329694,6.707711667,7.811795036,3.93291E+15,10.05542,15.96026,13.72982,TRUE,FALSE,FALSE
KNN,descriptors,300,0.2,217,0.461397063,6.37215,9.123177001,1.36729E+15,13.5406,13.5406,12.383,TRUE,FALSE,FALSE
CatBoost,morgan,325,0.2,512,0.451617959,2.048049827,2.517459549,1.15381E+15,9.343883179,11.95174397,10.55688054,FALSE,FALSE,FALSE
CatBoost,descriptors,400,0.2,217,0.451200203,6.217528571,8.187158503,0.41588537,11.42772567,15.21398576,15.05550114,TRUE,FALSE,FALSE
KNN,maccs,400,0.3,167,0.449829835,3.766266667,7.80065409,0.502357833,9.087,12.383,12.383,FALSE,FALSE,FALSE
RandomForest,descriptors,300,0.2,217,0.44548091,8.0522425,9.256994233,9.34805E+15,13.4905,14.84336,18.8032,TRUE,FALSE,FALSE
KNN,maccs,300,0.2,167,0.443650958,7.0178,9.272256016,2.37948E+15,10.8012,10.8012,10.8012,TRUE,FALSE,FALSE
KNN,rdkit,300,0.2,512,0.437179419,6.05435,9.326028261,8.18304E+14,2.3692,12.7324,10.2054,FALSE,FALSE,FALSE
KNN,all,300,0.2,1408,0.428256232,6.50685,9.399666869,2.66748E+15,10.4498,13.5406,13.5406,TRUE,FALSE,FALSE
RandomForest,all,350,0.2,1408,0.42656546,7.898945,9.747281515,6.27752E+15,11.23505,14.69226,14.73134,TRUE,FALSE,FALSE
CatBoost,descriptors,375,0.3,217,0.421724792,2.380757676,2.671386487,4.89025E+15,14.0700974,16.47292179,21.17436607,TRUE,FALSE,FALSE
KNN,descriptors,300,0.3,217,0.407711868,5.4282,8.21426234,9.11529E+14,12.0316,12.0316,12.383,TRUE,FALSE,FALSE
CatBoost,all,400,0.2,1408,0.40486357,5.921038074,8.525787331,0.387784796,7.703008597,10.10137744,11.05116654,FALSE,FALSE,FALSE
CatBoost,morgan,300,0.3,512,0.398989754,6.192177542,8.27452346,4.95953E+15,6.898004358,6.764694632,6.910646504,FALSE,FALSE,FALSE
XGBoost,descriptors,350,0.3,217,0.39707028,7.904776443,12.2334806,2.28975E+15,13.43458176,13.43458176,13.43458176,TRUE,FALSE,FALSE
KNN,descriptors,400,0.3,217,0.395064149,5.132433333,8.179696015,0.93488311,12.0316,12.0316,12.383,TRUE,FALSE,FALSE
RandomForest,morgan,350,0.2,512,0.392367216,6.7349425,10.03372477,7.12132E+15,5.85543,7.08101,6.05543,FALSE,FALSE,FALSE
KNN,maccs,350,0.2,167,0.384998043,8.9401,10.09438429,3.61707E+15,11.9004,11.9004,11.9004,TRUE,FALSE,FALSE
RandomForest,morgan,400,0.3,512,0.38137968,6.077015,8.271696535,1.306536443,6.95286,10.88062,8.3073,FALSE,FALSE,FALSE
CatBoost,morgan,300,0.2,512,0.381155098,7.784103728,9.779184749,1.09E+16,5.577717702,6.565610819,5.993104307,FALSE,FALSE,FALSE
RandomForest,all,300,0.3,1408,0.380783011,6.268928333,8.398920784,4.22086E+15,12.84533,16.27354,16.18995,TRUE,FALSE,FALSE
KNN,all,350,0.2,1408,0.37385573,7.75335,10.18541645,2.66748E+15,11.549,14.6398,14.6398,TRUE,FALSE,FALSE
XGBoost,all,400,0.2,1408,0.371672065,7.306094898,8.76030873,0.650974305,7.373196125,1.883590817,1.78723228,FALSE,FALSE,FALSE
CatBoost,morgan,400,0.3,512,0.370585511,5.777943069,8.343549951,0.853346947,6.71489154,9.928978248,8.257563117,FALSE,FALSE,FALSE
RandomForest,rdkit,400,0.2,512,0.362005121,8.52919,8.827441007,1.418924863,11.35237,15.6921,12.70033,TRUE,FALSE,FALSE
XGBoost,morgan,400,0.2,512,0.351417583,7.391075222,8.900385407,0.607607218,7.372560501,0.92609483,1.190585256,FALSE,FALSE,FALSE
CatBoost,rdkit,400,0.3,512,0.345344791,5.231314838,8.509201663,1.318321427,4.361184787,7.627842468,5.917671837,FALSE,FALSE,FALSE
RandomForest,all,400,0.2,1408,0.34105243,7.0591825,8.971223119,0.670010466,13.55029,16.71555,18.04455,TRUE,FALSE,FALSE
KNN,maccs,300,0.3,167,0.335473062,6.077133333,8.700783231,1.58632E+15,12.383,12.383,12.383,TRUE,FALSE,FALSE
RandomForest,rdkit,400,0.3,512,0.329744486,7.635726667,8.609991054,3.829996135,10.10179,16.1513,15.7434,TRUE,FALSE,FALSE
RandomForest,morgan,300,0.3,512,0.317557359,6.60794,8.817290127,5.04169E+15,5.15619,6.74105,5.26851,FALSE,FALSE,FALSE
XGBoost,all,250,0.2,1408,0.309636255,1.739708368,2.803684675,0.589501158,2.242488384,4.254817009,4.489251137,FALSE,FALSE,FALSE
SVR,rdkit,325,0.2,512,0.309124316,2.155429502,2.82566611,2.26553E+15,2.077177909,2.459353247,2.266377512,FALSE,FALSE,FALSE
CatBoost,rdkit,350,0.2,512,0.298951403,7.123501501,10.77744084,3.11961E+15,5.526028074,5.477516176,5.616193408,FALSE,FALSE,FALSE
SVR,rdkit,250,0.2,512,0.297536571,2.45846669,2.828147393,1.808868297,2.217831658,2.694639748,2.416332791,FALSE,FALSE,FALSE
SVR,rdkit,250,0.3,512,0.284702896,1.869636181,2.344988598,1.302257914,2.195599015,2.685056258,2.410899036,FALSE,FALSE,FALSE
RandomForest,morgan,325,0.2,512,0.271950231,2.41505,2.900690705,2.08415E+15,9.03908,11.78309,9.05008,FALSE,FALSE,FALSE
CatBoost,maccs,325,0.2,167,0.268089467,2.850350254,2.90837155,3.65937E+15,19.65069045,15.15695022,17.0172769,TRUE,FALSE,FALSE
CatBoost,morgan,325,0.3,512,0.263669226,2.261184051,2.55164662,2.86287E+15,7.922223531,16.38779232,11.65256642,FALSE,FALSE,FALSE
KNN,rdkit,300,0.3,512,0.262898679,6.2075,9.163589973,5.45536E+14,2.3692,11.3348,8.7224,FALSE,FALSE,FALSE
CatBoost,rdkit,300,0.2,512,0.261415198,6.166661527,10.68345993,2.67648E+15,6.029806804,5.866525442,5.807973145,FALSE,FALSE,FALSE
KNN,all,300,0.3,1408,0.258785676,6.673033333,9.189120684,1.77832E+15,8.9668,11.8264,12.0576,FALSE,FALSE,FALSE
XGBoost,all,250,0.3,1408,0.245833292,1.643509582,2.407859713,0.740725809,2.022597313,2.622116089,6.682847023,FALSE,FALSE,FALSE
KNN,all,400,0.3,1408,0.245035594,6.277233333,9.137886107,2.05325519,8.9668,11.8264,12.0576,FALSE,FALSE,FALSE
SVR,all,250,0.2,1408,0.243498868,2.388910377,2.934911236,1.570940412,2.133023775,2.542609511,2.319152336,FALSE,FALSE,FALSE
KNN,rdkit,400,0.3,512,0.242919953,6.010433333,9.150680725,1.892391768,2.1112,11.3348,8.6192,FALSE,FALSE,FALSE
XGBoost,maccs,275,0.3,167,0.237243761,5.683523674,9.239813981,3.5233E+14,0.767762959,0.19737488,5.924893379,FALSE,FALSE,FALSE
SVR,all,325,0.3,1408,0.235246486,2.024245262,2.600427758,3.4939E+15,2.211106096,2.636389637,2.412865179,FALSE,FALSE,FALSE
KNN,maccs,275,0.2,167,0.234466056,7.673,10.07046131,4.46172E+15,11.3438,11.9588,11.9004,TRUE,FALSE,FALSE
SVR,rdkit,325,0.3,512,0.234433868,2.189361426,2.601808982,4.20213E+15,2.367953217,2.910009826,2.614099279,FALSE,FALSE,FALSE
KNN,maccs,275,0.3,167,0.23201885,6.7056,9.27140652,1.6878E+15,10.1862,10.8012,10.8012,TRUE,FALSE,FALSE
SVR,all,325,0.2,1408,0.230867755,2.162426636,2.981407906,1.97113E+15,2.023041903,2.3547009,2.198045518,FALSE,FALSE,FALSE
XGBoost,rdkit,275,0.3,512,0.22989122,5.793214583,9.28424048,6.28126E+14,37.53756714,8.570878029,8.570825577,FALSE,FALSE,FALSE
SVR,all,250,0.3,1408,0.228476278,1.794428856,2.435410331,1.092978469,2.072852563,2.470276548,2.272604088,FALSE,FALSE,FALSE
KNN,descriptors,275,0.3,217,0.226423243,6.823866667,9.30512153,9.35097E+14,10.4498,10.4498,10.8012,TRUE,FALSE,FALSE
RandomForest,morgan,325,0.3,512,0.226285616,2.262973333,2.615618424,3.20967E+15,10.34557,14.20304,11.22363,TRUE,FALSE,FALSE
KNN,descriptors,275,0.2,217,0.2185348,7.68425,10.17470814,1.54158E+15,11.9588,11.9588,10.8012,TRUE,FALSE,FALSE
CatBoost,rdkit,300,0.3,512,0.216716379,6.027873254,9.446296565,1.92003E+15,3.827505254,5.817451687,5.704444399,FALSE,FALSE,FALSE
KNN,descriptors,400,0.2,217,0.206922809,6.96255,9.842013523,0.552504786,12.0316,12.0316,12.383,TRUE,FALSE,FALSE
XGBoost,descriptors,275,0.3,217,0.200346908,6.069657807,9.460653877,9.29356E+14,37.53814697,37.53837204,37.53812408,TRUE,FALSE,FALSE
KNN,rdkit,400,0.2,512,0.198783918,6.3251,9.892386051,0.426924282,2.266,11.4256,8.6192,FALSE,FALSE,FALSE
RandomForest,morgan,275,0.2,512,0.195178324,7.4854625,10.32563981,7.84043E+14,6.22842,7.952,6.93391,FALSE,FALSE,FALSE
SVR,descriptors,325,0.3,217,0.194497598,1.915313634,2.66880887,2.69862E+15,2.939297806,2.616015722,2.761886352,FALSE,FALSE,FALSE
KNN,all,400,0.2,1408,0.192912181,6.42565,9.928568208,0.416150089,8.9668,12.0406,12.0576,FALSE,FALSE,FALSE
RandomForest,morgan,400,0.2,512,0.19104362,8.0144925,9.940054822,0.69401606,6.60398,9.23158,7.34253,FALSE,FALSE,FALSE
XGBoost,rdkit,350,0.3,512,0.189104992,10.38682851,14.18727559,3.49191E+14,0.61662513,16.47870255,8.366218567,FALSE,FALSE,FALSE
SVR,morgan,325,0.3,512,0.18461698,1.975272212,2.685127325,3.00833E+15,2.385857759,2.587287815,2.478237517,FALSE,FALSE,FALSE
SVR,maccs,325,0.3,167,0.182304143,1.896030583,2.688932816,2.70322E+15,2.167084548,2.480869635,2.386930735,FALSE,FALSE,FALSE
CatBoost,all,275,0.3,1408,0.18034857,6.986022509,9.578223001,2.07632E+15,6.550136955,6.376881546,7.565410555,FALSE,FALSE,FALSE
RandomForest,morgan,275,0.3,512,0.179504303,6.69808,9.583154665,6.037E+14,3.34859,4.738,4.41973,FALSE,FALSE,FALSE
KNN,morgan,275,0.2,512,0.178858812,8.06455,10.42980185,4.55246E+15,11.3438,11.3438,11.3438,TRUE,FALSE,FALSE
CatBoost,morgan,350,0.3,512,0.172355468,9.31016291,14.33305003,3.2359E+15,3.799719439,3.582311373,3.433595547,FALSE,FALSE,FALSE
XGBoost,all,400,0.3,1408,0.168333371,7.573607261,9.590850914,3.914003952,6.973062515,16.48044586,1.535548806,FALSE,FALSE,FALSE
CatBoost,morgan,275,0.3,512,0.163470972,6.67511626,9.676334017,9.65952E+14,4.738582347,7.079909722,6.007510856,FALSE,FALSE,FALSE
RandomForest,maccs,350,0.3,167,0.156686051,10.51922167,14.46809439,2.15872E+15,7.95776,7.79401,8.54556,FALSE,FALSE,FALSE
CatBoost,morgan,400,0.2,512,0.151820397,8.44985869,10.17818029,0.893112631,7.062564687,10.65921861,9.270712866,FALSE,FALSE,FALSE
KNN,all,275,0.2,1408,0.137944037,8.1416,10.68648472,1.52514E+15,10.4498,11.9588,11.9588,TRUE,FALSE,FALSE
XGBoost,morgan,400,0.3,512,0.136116117,7.762686164,9.774851949,3.892019311,7.373064518,16.48062706,0.925154865,FALSE,FALSE,FALSE
SVR,morgan,250,0.2,512,0.135282742,2.373978584,3.137814339,1.378561629,2.289781042,2.532458621,2.384757549,FALSE,FALSE,FALSE
SVR,descriptors,325,0.2,217,0.133661963,2.265487357,3.164204767,1.651E+15,2.798109198,2.500432272,2.654491322,FALSE,FALSE,FALSE
SVR,maccs,250,0.2,167,0.132781834,2.218252885,3.142348607,1.147022841,2.009636135,2.389967485,2.215920203,FALSE,FALSE,FALSE
KNN,descriptors,250,0.2,217,0.132507491,2.7432,3.142845605,2.549356713,19.0976,13.5406,19.0976,TRUE,FALSE,FALSE
SVR,morgan,325,0.2,512,0.132096122,2.17883762,3.167063007,1.75585E+15,2.149222085,2.337142228,2.237774427,FALSE,FALSE,FALSE
CatBoost,all,275,0.2,1408,0.131853479,8.451948312,10.72416911,2.66405E+15,8.519417652,10.07903781,9.468656487,FALSE,FALSE,FALSE
SVR,descriptors,250,0.3,217,0.131633359,1.790668257,2.583741541,0.978078161,2.831130804,2.453509697,2.727085086,FALSE,FALSE,FALSE
KNN,rdkit,275,0.2,512,0.130360757,8.1032,10.7333849,8.90812E+14,1.0944,11.1506,11.7962,FALSE,FALSE,FALSE
SVR,maccs,325,0.2,167,0.12825829,2.182174399,3.174057589,1.66804E+15,2.039009526,2.358664865,2.259133946,FALSE,FALSE,FALSE
SVR,descriptors,250,0.2,217,0.12417317,2.34025213,3.157906757,1.311379495,2.752450451,2.457342414,2.665774038,FALSE,FALSE,FALSE
RandomForest,morgan,350,0.3,512,0.112062566,9.48904,14.84594593,3.07405E+15,5.60163,5.69816,5.38754,FALSE,FALSE,FALSE
SVR,maccs,250,0.3,167,0.104474966,1.61246699,2.623834073,0.750532136,1.939430679,2.261035084,2.147709436,FALSE,FALSE,FALSE
SVR,morgan,250,0.3,512,0.095697484,1.729944399,2.636661462,0.894716582,2.160910335,2.359507477,2.24035817,FALSE,FALSE,FALSE
CatBoost,maccs,350,0.3,167,0.094624538,10.37974974,14.99101544,1.93647E+15,4.637615622,4.7684496,4.824027134,FALSE,FALSE,FALSE
KNN,all,275,0.3,1408,0.088086686,7.613266667,10.10292483,1.01676E+15,10.4498,10.4588,10.4758,TRUE,FALSE,FALSE
KNN,maccs,400,0.2,167,0.082997239,8.05835,10.58306708,0.553676381,9.087,12.383,12.383,FALSE,FALSE,FALSE
KNN,rdkit,275,0.3,512,0.082103129,7.587666667,10.13601602,5.93875E+14,1.0944,9.8438,10.3132,FALSE,FALSE,FALSE
XGBoost,maccs,275,0.2,167,0.074777059,7.423802873,11.07108883,6.71463E+14,0.955689788,0.417058885,1.189652085,FALSE,FALSE,FALSE
KNN,rdkit,350,0.2,512,0.067955337,7.88035,12.42681827,8.90812E+14,2.266,6.9386,11.7962,FALSE,FALSE,FALSE
SVR,rdkit,375,0.3,512,0.054682404,2.938292432,3.41553161,3.59972E+15,2.118277688,2.712823215,2.338877063,FALSE,FALSE,FALSE
RandomForest,all,350,0.3,1408,0.045260073,10.49273667,15.39427478,1.95945E+15,5.02649,8.23845,6.70727,FALSE,FALSE,FALSE
SVR,all,375,0.3,1408,0.029472465,2.83628709,3.46077503,3.17362E+15,2.035544013,2.511972332,2.230704564,FALSE,FALSE,FALSE
XGBoost,all,350,0.3,1408,0.026184905,9.653840358,15.54729871,7.25543E+14,2.66757679,13.98645306,8.566856384,FALSE,FALSE,FALSE
XGBoost,rdkit,275,0.2,512,0.012035598,8.59959515,11.44030986,8.50485E+14,37.53818893,8.570608139,8.570510864,FALSE,FALSE,FALSE
SVR,morgan,375,0.3,512,0.007026997,2.823004318,3.500565099,3.24709E+15,2.196752054,2.440403979,2.36056065,FALSE,FALSE,FALSE
KNN,maccs,350,0.3,167,0.004494123,10.60526667,15.71949557,2.41138E+15,7.6884,7.6884,7.6884,FALSE,FALSE,FALSE
KNN,descriptors,350,0.3,217,0.00145106,10.26396667,15.74350292,1.92589E+15,7.337,7.337,7.6884,FALSE,FALSE,FALSE
RandomForest,rdkit,350,0.3,512,-0.009183628,10.857045,15.82711616,1.28574E+15,3.70182,9.39909,6.56605,FALSE,FALSE,FALSE
KNN,morgan,275,0.3,512,-0.01136116,8.543433333,10.63955537,7.3838E+15,10.2446,10.2446,10.2446,TRUE,FALSE,FALSE
SVR,morgan,375,0.2,512,-0.01177385,2.720202286,3.087766479,5.11659E+15,2.30330002,2.596797792,2.491938391,FALSE,FALSE,FALSE
XGBoost,descriptors,275,0.2,217,-0.017476,8.949941849,11.60991997,1.10656E+15,37.53874207,37.53874207,37.53874207,TRUE,FALSE,FALSE
RandomForest,descriptors,350,0.3,217,-0.020756515,10.34380167,15.91760677,2.31345E+15,5.63065,6.27551,6.21199,FALSE,FALSE,FALSE
KNN,all,350,0.3,1408,-0.03217378,11.03986667,16.00637925,1.77832E+15,4.2722,7.346,7.363,FALSE,FALSE,FALSE
KNN,rdkit,350,0.3,512,-0.042223993,10.43326667,16.08411705,5.93875E+14,2.266,6.9386,4.5194,FALSE,FALSE,FALSE
SVR,maccs,375,0.3,167,-0.044559464,2.811810041,3.590343674,2.77053E+15,2.037645773,2.417181336,2.200890073,FALSE,FALSE,FALSE
SVR,descriptors,375,0.3,217,-0.05277235,2.768318363,3.604430642,2.47908E+15,2.61853006,2.354994618,2.440651778,FALSE,FALSE,FALSE
LightGBM,morgan,350,0.2,512,-0.054175189,9.605375022,13.21593763,6.3695E+15,5.657250043,5.657250043,5.657250043,FALSE,FALSE,FALSE
LightGBM,maccs,350,0.2,167,-0.054175189,9.605375022,13.21593763,6.3695E+15,5.657250043,5.657250043,5.657250043,FALSE,FALSE,FALSE
LightGBM,rdkit,350,0.2,512,-0.054175189,9.605375022,13.21593763,6.3695E+15,5.657250043,5.657250043,5.657250043,FALSE,FALSE,FALSE
LightGBM,descriptors,350,0.2,217,-0.054175189,9.605375022,13.21593763,6.3695E+15,5.657250043,5.657250043,5.657250043,FALSE,FALSE,FALSE
LightGBM,all,350,0.2,1408,-0.054175189,9.605375022,13.21593763,6.3695E+15,5.657250043,5.657250043,5.657250043,FALSE,FALSE,FALSE
KNN,morgan,350,0.3,512,-0.054397267,13.08463333,16.17777635,6.46011E+15,8.6066,8.6066,8.6066,FALSE,FALSE,FALSE
XGBoost,morgan,325,0.3,512,-0.061656003,1.724791371,3.063909706,1.06288E+15,7.377150536,1.208832145,1.208832145,FALSE,FALSE,FALSE
CatBoost,all,325,0.2,1408,-0.069175574,3.195988821,3.515162474,3.63091E+15,9.65817567,10.22498072,10.85370097,FALSE,FALSE,FALSE
KNN,morgan,400,0.2,512,-0.070252578,9.5397,11.43324128,2.132199915,12.6862,11.8264,11.8264,TRUE,FALSE,FALSE
LightGBM,morgan,300,0.3,512,-0.078180325,7.655166667,11.08275556,4.02407E+15,5.361142895,5.361142895,5.361142895,FALSE,FALSE,FALSE
LightGBM,maccs,300,0.3,167,-0.078180325,7.655166667,11.08275556,4.02407E+15,5.361142895,5.361142895,5.361142895,FALSE,FALSE,FALSE
LightGBM,rdkit,300,0.3,512,-0.078180325,7.655166667,11.08275556,4.02407E+15,5.361142895,5.361142895,5.361142895,FALSE,FALSE,FALSE
LightGBM,descriptors,300,0.3,217,-0.078180325,7.655166667,11.08275556,4.02407E+15,5.361142895,5.361142895,5.361142895,FALSE,FALSE,FALSE
LightGBM,all,300,0.3,1408,-0.078180325,7.655166667,11.08275556,4.02407E+15,5.361142895,5.361142895,5.361142895,FALSE,FALSE,FALSE
RandomForest,morgan,250,0.2,512,-0.089390644,2.4465525,3.521940385,1.255126513,9.34054,11.28134,9.11803,FALSE,FALSE,FALSE
LightGBM,morgan,400,0.3,512,-0.097954119,7.440166667,11.01982248,2.300425815,5.269000036,5.269000036,5.269000036,FALSE,FALSE,FALSE
LightGBM,maccs,400,0.3,167,-0.097954119,7.440166667,11.01982248,2.300425815,5.269000036,5.269000036,5.269000036,FALSE,FALSE,FALSE
LightGBM,rdkit,400,0.3,512,-0.097954119,7.440166667,11.01982248,2.300425815,5.269000036,5.269000036,5.269000036,FALSE,FALSE,FALSE
LightGBM,descriptors,400,0.3,217,-0.097954119,7.440166667,11.01982248,2.300425815,5.269000036,5.269000036,5.269000036,FALSE,FALSE,FALSE
LightGBM,all,400,0.3,1408,-0.097954119,7.440166667,11.01982248,2.300425815,5.269000036,5.269000036,5.269000036,FALSE,FALSE,FALSE
CatBoost,rdkit,275,0.3,512,-0.099949872,7.207469134,11.09575325,2.43547E+15,6.702239656,4.734599973,6.907133416,FALSE,FALSE,FALSE
SVR,maccs,375,0.2,167,-0.10693002,2.607012755,3.229704627,4.08316E+15,2.01615105,2.419814678,2.159509706,FALSE,FALSE,FALSE
CatBoost,rdkit,400,0.2,512,-0.109542038,7.126709399,11.64120958,0.635980828,5.504430685,7.718089647,5.191430867,FALSE,FALSE,FALSE
CatBoost,all,350,0.3,1408,-0.120761033,10.8651425,16.67912268,1.46097E+15,2.941819825,6.216392067,4.567434711,FALSE,FALSE,FALSE
LightGBM,morgan,300,0.2,512,-0.149972363,9.60775,13.3307764,5.96009E+15,5.293625038,5.293625038,5.293625038,FALSE,FALSE,FALSE
LightGBM,maccs,300,0.2,167,-0.149972363,9.60775,13.3307764,5.96009E+15,5.293625038,5.293625038,5.293625038,FALSE,FALSE,FALSE
LightGBM,rdkit,300,0.2,512,-0.149972363,9.60775,13.3307764,5.96009E+15,5.293625038,5.293625038,5.293625038,FALSE,FALSE,FALSE
LightGBM,descriptors,300,0.2,217,-0.149972363,9.60775,13.3307764,5.96009E+15,5.293625038,5.293625038,5.293625038,FALSE,FALSE,FALSE
LightGBM,all,300,0.2,1408,-0.149972363,9.60775,13.3307764,5.96009E+15,5.293625038,5.293625038,5.293625038,FALSE,FALSE,FALSE
SVR,descriptors,375,0.2,217,-0.151672663,2.749942065,3.294331144,4.17071E+15,2.899122469,2.573970647,2.642958315,FALSE,FALSE,FALSE
KNN,morgan,300,0.2,512,-0.162606019,12.67455,13.40380268,1.64E+16,14.4004,13.5406,13.5406,TRUE,FALSE,FALSE
RandomForest,morgan,250,0.3,512,-0.171133403,2.098138333,3.000548742,1.287129156,8.92971,11.9031,8.76922,FALSE,FALSE,FALSE
XGBoost,morgan,250,0.2,512,-0.171498359,2.064697075,3.652254411,0.59362072,1.460509181,1.460509181,1.415502071,FALSE,FALSE,FALSE
KNN,morgan,400,0.3,512,-0.184332963,10.34783333,11.44509524,5.791499944,12.6862,11.8264,11.8264,TRUE,FALSE,FALSE
SVR,all,375,0.2,1408,-0.184624214,2.944461656,3.341127321,5.00483E+15,2.117471839,2.669553693,2.35016504,FALSE,FALSE,FALSE
XGBoost,morgan,325,0.2,512,-0.194865899,2.155306516,3.716040789,6.6346E+13,7.299779892,1.329285145,1.329285145,FALSE,FALSE,FALSE
CatBoost,descriptors,350,0.3,217,-0.202313721,11.0105387,17.27529982,2.13884E+15,3.894889612,4.720190827,4.655805665,FALSE,FALSE,FALSE
CatBoost,morgan,250,0.2,512,-0.221838623,3.235591189,3.72989928,2.42591914,11.69495283,13.51073998,11.74583073,TRUE,FALSE,FALSE
SVR,maccs,350,0.2,167,-0.22200912,7.868832362,14.22914512,1.77754E+15,1.783095198,2.029167203,1.938396524,FALSE,FALSE,FALSE
SVR,descriptors,350,0.2,217,-0.222809604,7.896652733,14.2338048,1.61218E+15,2.256815593,2.054575627,2.179322493,FALSE,FALSE,FALSE
XGBoost,maccs,350,0.3,167,-0.230909357,12.06172193,17.47952908,9.4525E+14,3.464042902,3.459918737,4.735973358,FALSE,FALSE,FALSE
CatBoost,rdkit,350,0.3,512,-0.240282602,11.47042217,17.54595525,1.4354E+15,3.607764124,6.020053276,4.111445556,FALSE,FALSE,FALSE
SVR,all,350,0.2,1408,-0.240333196,8.027030502,14.33543147,1.71084E+15,1.792835598,2.060210654,1.978564915,FALSE,FALSE,FALSE
SVR,morgan,350,0.2,512,-0.241383942,8.125033947,14.3415023,2.24604E+15,2.032460329,2.229840713,2.134033395,FALSE,FALSE,FALSE
SVR,rdkit,350,0.2,512,-0.241728207,8.018326737,14.34349078,1.62417E+15,1.834345599,2.138719269,2.031605281,FALSE,FALSE,FALSE
KNN,morgan,300,0.3,512,-0.244937224,10.80863333,11.90901329,9.98388E+15,13.3012,13.3012,13.3012,TRUE,FALSE,FALSE
RandomForest,descriptors,375,0.3,217,-0.251041734,3.427876667,3.92921087,8.06777E+15,14.92172,15.33705,16.63023,TRUE,FALSE,FALSE
KNN,morgan,350,0.2,512,-0.257099325,14.3152,14.4319954,1.77E+16,14.6398,14.6398,14.6398,TRUE,FALSE,FALSE
XGBoost,morgan,375,0.2,512,-0.257937204,2.416893186,3.442961797,3.62164E+15,2.050009012,1.947863579,2.045886993,FALSE,FALSE,FALSE
CatBoost,morgan,250,0.3,512,-0.274755612,2.227784828,3.130480251,1.73327175,6.116912899,13.14947672,6.236858409,FALSE,FALSE,FALSE
XGBoost,all,375,0.3,1408,-0.276090949,3.257409316,3.968352587,3.96092E+15,1.705356479,3.349298239,3.105901003,FALSE,FALSE,FALSE
LightGBM,morgan,350,0.3,512,-0.283481926,11.91830952,17.84890468,2.80719E+15,3.739928556,3.739928556,3.739928556,FALSE,FALSE,FALSE
LightGBM,maccs,350,0.3,167,-0.283481926,11.91830952,17.84890468,2.80719E+15,3.739928556,3.739928556,3.739928556,FALSE,FALSE,FALSE
LightGBM,rdkit,350,0.3,512,-0.283481926,11.91830952,17.84890468,2.80719E+15,3.739928556,3.739928556,3.739928556,FALSE,FALSE,FALSE
LightGBM,descriptors,350,0.3,217,-0.283481926,11.91830952,17.84890468,2.80719E+15,3.739928556,3.739928556,3.739928556,FALSE,FALSE,FALSE
LightGBM,all,350,0.3,1408,-0.283481926,11.91830952,17.84890468,2.80719E+15,3.739928556,3.739928556,3.739928556,FALSE,FALSE,FALSE
XGBoost,maccs,250,0.2,167,-0.288771116,2.898412068,3.830699429,4.337415272,3.614589691,4.321472168,6.703812122,FALSE,FALSE,FALSE
SVR,rdkit,375,0.2,512,-0.292015557,3.17386588,3.489286213,5.66455E+15,2.177817135,2.874372932,2.450751681,FALSE,FALSE,FALSE
CatBoost,morgan,275,0.2,512,-0.312324352,9.847027709,13.1852307,1.54462E+15,3.956413568,4.652363192,3.616498957,FALSE,FALSE,FALSE
SVR,maccs,300,0.3,167,-0.312734385,7.353771673,12.22898702,1.1863E+15,1.729695433,1.988812095,1.901296092,FALSE,FALSE,FALSE
SVR,descriptors,300,0.3,217,-0.313034565,7.36591201,12.23038513,1.14334E+15,2.237468426,2.092484972,2.200334863,FALSE,FALSE,FALSE
SVR,morgan,300,0.3,512,-0.335683119,7.487878009,12.3354152,1.4434E+15,1.92465262,2.041006141,2.008308682,FALSE,FALSE,FALSE
SVR,rdkit,300,0.3,512,-0.340516269,7.357177208,12.35771281,1.02996E+15,1.725336969,1.93152818,1.805136889,FALSE,FALSE,FALSE
SVR,all,300,0.3,1408,-0.341136427,7.421335771,12.36057098,1.12335E+15,1.707059133,1.896758086,1.808180291,FALSE,FALSE,FALSE
LightGBM,morgan,275,0.3,512,-0.352014267,8.986880928,12.30158242,3.28264E+15,4.373357215,4.373357215,4.373357215,FALSE,FALSE,FALSE
LightGBM,maccs,275,0.3,167,-0.352014267,8.986880928,12.30158242,3.28264E+15,4.373357215,4.373357215,4.373357215,FALSE,FALSE,FALSE
LightGBM,rdkit,275,0.3,512,-0.352014267,8.986880928,12.30158242,3.28264E+15,4.373357215,4.373357215,4.373357215,FALSE,FALSE,FALSE
LightGBM,descriptors,275,0.3,217,-0.352014267,8.986880928,12.30158242,3.28264E+15,4.373357215,4.373357215,4.373357215,FALSE,FALSE,FALSE
LightGBM,all,275,0.3,1408,-0.352014267,8.986880928,12.30158242,3.28264E+15,4.373357215,4.373357215,4.373357215,FALSE,FALSE,FALSE
SVR,maccs,300,0.2,167,-0.36183042,9.179944554,14.50685459,1.83427E+15,1.827120102,2.08735003,2.007034752,FALSE,FALSE,FALSE
SVR,maccs,400,0.3,167,-0.364089536,7.12822864,12.28298556,0.557854832,1.564262586,1.817968937,1.788646772,FALSE,FALSE,FALSE
XGBoost,morgan,250,0.3,512,-0.365169462,1.95535007,3.239595481,0.586074021,0.915933669,0.892002046,0.891799152,FALSE,FALSE,FALSE
SVR,descriptors,400,0.3,217,-0.36541155,7.203405692,12.28893617,0.6078009,2.106291453,1.98679738,2.02642566,FALSE,FALSE,FALSE
SVR,descriptors,300,0.2,217,-0.374293524,9.169376981,14.57308481,1.68618E+15,2.284903786,2.115973496,2.20001876,FALSE,FALSE,FALSE
SVR,rdkit,350,0.3,512,-0.388297869,11.47367285,18.56342126,1.08598E+15,1.844555097,2.12456014,2.033479953,FALSE,FALSE,FALSE
SVR,all,400,0.3,1408,-0.390329756,7.227160979,12.40056324,0.615568439,1.590760858,1.773268509,1.690661421,FALSE,FALSE,FALSE
SVR,rdkit,400,0.3,512,-0.390499872,7.181168737,12.40132185,0.583362277,1.633156393,1.809468304,1.709967647,FALSE,FALSE,FALSE
SVR,morgan,300,0.2,512,-0.395090372,9.377052187,14.68293624,2.24981E+15,1.996875241,2.148213863,2.102839742,FALSE,FALSE,FALSE
SVR,morgan,400,0.3,512,-0.398454121,7.244680963,12.43674168,0.616481853,1.735847189,1.818539161,1.802739144,FALSE,FALSE,FALSE
SVR,all,300,0.2,1408,-0.398518062,9.182074344,14.70096292,1.70775E+15,1.745227784,1.96128502,1.889029225,FALSE,FALSE,FALSE
SVR,all,350,0.3,1408,-0.399783154,11.48228806,18.64004999,1.14978E+15,1.752641229,1.978808852,1.91244166,FALSE,FALSE,FALSE
SVR,descriptors,350,0.3,217,-0.400649258,11.40862749,18.64581579,1.10514E+15,2.034439474,1.871924013,1.90665082,FALSE,FALSE,FALSE
CatBoost,rdkit,325,0.2,512,-0.402397335,3.368007498,4.025839235,5.10673E+15,7.263764924,7.411754211,5.949148102,FALSE,FALSE,FALSE
XGBoost,maccs,325,0.3,167,-0.403715823,2.299117597,3.523089291,7.10849E+15,1.61914587,0.592216015,1.658969522,FALSE,FALSE,FALSE
SVR,morgan,350,0.3,512,-0.405057513,11.52359698,18.67513467,1.45975E+15,1.954058807,2.082218327,2.01062623,FALSE,FALSE,FALSE
SVR,rdkit,300,0.2,512,-0.407035819,9.035375765,14.7456635,1.54004E+15,1.718165089,1.932399923,1.853450146,FALSE,FALSE,FALSE
XGBoost,morgan,350,0.3,512,-0.408590215,11.22191748,18.69859715,7.16897E+14,6.053973198,2.037620544,2.000179768,FALSE,FALSE,FALSE
SVR,maccs,350,0.3,167,-0.425748034,11.45081257,18.81213481,1.13434E+15,1.595223235,1.752100559,1.728381533,FALSE,FALSE,FALSE
LightGBM,morgan,400,0.2,512,-0.47962651,9.258656235,13.44318822,0.965339868,4.72568753,4.72568753,4.72568753,FALSE,FALSE,FALSE
LightGBM,maccs,400,0.2,167,-0.47962651,9.258656235,13.44318822,0.965339868,4.72568753,4.72568753,4.72568753,FALSE,FALSE,FALSE
LightGBM,rdkit,400,0.2,512,-0.47962651,9.258656235,13.44318822,0.965339868,4.72568753,4.72568753,4.72568753,FALSE,FALSE,FALSE
LightGBM,descriptors,400,0.2,217,-0.47962651,9.258656235,13.44318822,0.965339868,4.72568753,4.72568753,4.72568753,FALSE,FALSE,FALSE
LightGBM,all,400,0.2,1408,-0.47962651,9.258656235,13.44318822,0.965339868,4.72568753,4.72568753,4.72568753,FALSE,FALSE,FALSE
CatBoost,rdkit,275,0.2,512,-0.499106437,11.26892161,14.09234846,5.5823E+15,5.541093629,3.697379793,5.989362808,FALSE,FALSE,FALSE
XGBoost,morgan,375,0.3,512,-0.505514107,3.101223431,4.310343216,2.53453E+15,2.082337141,2.103217125,2.071653605,FALSE,FALSE,FALSE
XGBoost,all,375,0.2,1408,-0.517093487,3.101063854,3.781019305,6.16384E+15,1.221772075,2.831993103,1.913136125,FALSE,FALSE,FALSE
LightGBM,morgan,275,0.2,512,-0.649730857,11.47803122,14.78337821,4.95502E+15,4.400937568,4.400937568,4.400937568,FALSE,FALSE,FALSE
LightGBM,maccs,275,0.2,167,-0.649730857,11.47803122,14.78337821,4.95502E+15,4.400937568,4.400937568,4.400937568,FALSE,FALSE,FALSE
LightGBM,rdkit,275,0.2,512,-0.649730857,11.47803122,14.78337821,4.95502E+15,4.400937568,4.400937568,4.400937568,FALSE,FALSE,FALSE
LightGBM,descriptors,275,0.2,217,-0.649730857,11.47803122,14.78337821,4.95502E+15,4.400937568,4.400937568,4.400937568,FALSE,FALSE,FALSE
LightGBM,all,275,0.2,1408,-0.649730857,11.47803122,14.78337821,4.95502E+15,4.400937568,4.400937568,4.400937568,FALSE,FALSE,FALSE
RandomForest,maccs,325,0.2,167,-0.658288907,4.0573775,4.377750303,3.98628E+15,17.28332,16.62273,17.38643,TRUE,FALSE,FALSE
CatBoost,descriptors,250,0.2,217,-0.668514829,4.236238872,4.358682305,4.606853988,15.93401016,13.09503779,19.23095361,TRUE,FALSE,FALSE
SVR,maccs,275,0.3,167,-0.680954279,9.640716288,13.71665749,8.61081E+14,1.482024845,1.710501741,1.677875896,FALSE,FALSE,FALSE
KNN,maccs,250,0.2,167,-0.685032064,3.95035,4.380203266,3.831180496,15.8016,16.4166,16.3582,TRUE,FALSE,FALSE
SVR,descriptors,275,0.3,217,-0.695425229,9.709601384,13.77557274,8.47898E+14,1.945656553,1.798820222,1.961824768,FALSE,FALSE,FALSE
RandomForest,all,325,0.2,1408,-0.701701391,3.9430925,4.434682847,2.85249E+15,17.6712,17.63483,20.90114,TRUE,FALSE,FALSE
SVR,all,275,0.3,1408,-0.701748813,9.721204725,13.80123884,1.03257E+15,1.568283909,1.704971924,1.731576502,FALSE,FALSE,FALSE
SVR,rdkit,275,0.3,512,-0.702116609,9.740894921,13.80273018,1.2064E+15,1.668316307,1.797928646,1.840230559,FALSE,FALSE,FALSE
SVR,morgan,275,0.3,512,-0.714277603,9.765521889,13.85195012,9.78683E+14,1.603802694,1.620408453,1.672977207,FALSE,FALSE,FALSE
XGBoost,all,275,0.3,1408,-0.754035407,9.62401445,14.01165778,1.11449E+14,1.872019053,1.771805644,2.005871534,FALSE,FALSE,FALSE
XGBoost,maccs,250,0.3,167,-0.796583399,2.976823659,3.716389233,2.726267815,2.99878788,2.673794985,5.534961224,FALSE,FALSE,FALSE
RandomForest,descriptors,375,0.2,217,-0.820774997,3.72766,4.142198084,9.13667E+15,15.37506,15.50806,17.48451,TRUE,FALSE,FALSE
XGBoost,morgan,275,0.3,512,-0.82531421,9.933023997,14.29351892,8.71694E+12,1.139968753,0.89527148,1.139968753,FALSE,FALSE,FALSE
RandomForest,rdkit,325,0.2,512,-0.828690052,4.4715225,4.597173983,4.7379E+15,17.63242,12.92638,12.30768,TRUE,FALSE,FALSE
CatBoost,maccs,250,0.2,167,-0.831206463,3.815170098,4.566241072,5.274511254,13.46312648,13.21824372,12.66163589,TRUE,FALSE,FALSE
SVR,maccs,400,0.2,167,-0.857986182,10.57442782,15.06424837,0.661114012,1.520067131,1.778167646,1.753672419,FALSE,FALSE,FALSE
SVR,descriptors,400,0.2,217,-0.874473719,10.74062132,15.13093987,0.738286907,2.014987936,1.880689557,1.948814338,FALSE,FALSE,FALSE
SVR,all,400,0.2,1408,-0.913859222,10.72630403,15.28907539,0.674380677,1.495925859,1.653557441,1.602499087,FALSE,FALSE,FALSE
SVR,morgan,400,0.2,512,-0.91847439,10.71830584,15.30749868,0.662475463,1.658096937,1.716800852,1.721960949,FALSE,FALSE,FALSE
SVR,rdkit,400,0.2,512,-0.935269249,10.74138404,15.37435573,0.655465523,1.480986857,1.606235686,1.55352464,FALSE,FALSE,FALSE
CatBoost,descriptors,325,0.3,217,-0.957031646,3.394190853,4.159900825,5.81649E+15,14.05311474,12.26967086,15.14767956,TRUE,FALSE,FALSE
CatBoost,morgan,375,0.3,512,-0.975105046,4.506810737,4.937016029,7.83932E+15,6.294594994,14.52937419,9.020250542,FALSE,FALSE,FALSE
SVR,maccs,275,0.2,167,-1.041370623,12.65930304,16.44478006,1.25578E+15,1.541259085,1.783228002,1.745355118,FALSE,FALSE,FALSE
SVR,descriptors,275,0.2,217,-1.058412826,12.69301481,16.51328129,1.18069E+15,1.998942409,1.838615994,1.914619979,FALSE,FALSE,FALSE
SVR,morgan,275,0.2,512,-1.062783162,12.66024688,16.53080215,1.41733E+15,1.664758307,1.73130298,1.763252407,FALSE,FALSE,FALSE
SVR,all,275,0.2,1408,-1.069542489,12.74673125,16.55786406,1.51562E+15,1.569761108,1.759722404,1.759302056,FALSE,FALSE,FALSE
SVR,rdkit,275,0.2,512,-1.077631172,12.80036079,16.59019021,1.78584E+15,1.645685366,1.836821287,1.859899864,FALSE,FALSE,FALSE
XGBoost,descriptors,375,0.3,217,-1.082643884,4.013324592,5.069637956,7.75748E+15,28.93166733,28.93189049,32.63539886,TRUE,FALSE,FALSE
XGBoost,maccs,375,0.3,167,-1.15799893,4.020101272,5.160538833,7.41682E+15,6.150543213,1.928137898,6.150485516,FALSE,FALSE,FALSE
XGBoost,morgan,275,0.2,512,-1.186698639,12.83261481,17.02008037,5.07825E+13,1.303938627,1.03929162,1.30363822,FALSE,FALSE,FALSE
RandomForest,morgan,375,0.3,512,-1.203821876,4.12815,5.215040468,8.87193E+15,8.72801,12.69784,9.76481,FALSE,FALSE,FALSE
CatBoost,descriptors,375,0.2,217,-1.237913427,4.31821929,4.592237745,9.01658E+15,15.03427318,14.42608552,16.91960953,TRUE,FALSE,FALSE
XGBoost,all,275,0.2,1408,-1.242210049,13.08173803,17.23476184,7.54805E+14,1.591738224,1.158604264,2.053328037,FALSE,FALSE,FALSE
CatBoost,maccs,250,0.3,167,-1.471939545,3.710551046,4.359296659,4.030713893,13.51857282,12.846557,13.89122877,TRUE,FALSE,FALSE
CatBoost,maccs,375,0.3,167,-1.484446863,4.695939778,5.537124572,1.05E+16,8.504607004,7.948989402,10.66103626,FALSE,FALSE,FALSE
XGBoost,rdkit,300,0.3,512,-1.5209222,10.92899859,16.94656864,3.97442E+14,1.346184731,37.53742981,37.53738022,FALSE,FALSE,FALSE
LightGBM,morgan,325,0.2,512,-1.595214556,5.021593791,5.476555879,8.01099E+15,7.115187582,7.115187582,7.115187582,FALSE,FALSE,FALSE
LightGBM,maccs,325,0.2,167,-1.595214556,5.021593791,5.476555879,8.01099E+15,7.115187582,7.115187582,7.115187582,FALSE,FALSE,FALSE
LightGBM,rdkit,325,0.2,512,-1.595214556,5.021593791,5.476555879,8.01099E+15,7.115187582,7.115187582,7.115187582,FALSE,FALSE,FALSE
LightGBM,descriptors,325,0.2,217,-1.595214556,5.021593791,5.476555879,8.01099E+15,7.115187582,7.115187582,7.115187582,FALSE,FALSE,FALSE
LightGBM,all,325,0.2,1408,-1.595214556,5.021593791,5.476555879,8.01099E+15,7.115187582,7.115187582,7.115187582,FALSE,FALSE,FALSE
XGBoost,rdkit,400,0.3,512,-1.602215689,11.20748636,16.96501109,1.494805914,1.048265457,37.53800201,37.53833389,FALSE,FALSE,FALSE
LightGBM,morgan,375,0.3,512,-1.659495193,4.844381006,5.728870995,1.14E+16,7.61407151,7.61407151,7.61407151,FALSE,FALSE,FALSE
LightGBM,maccs,375,0.3,167,-1.659495193,4.844381006,5.728870995,1.14E+16,7.61407151,7.61407151,7.61407151,FALSE,FALSE,FALSE
LightGBM,rdkit,375,0.3,512,-1.659495193,4.844381006,5.728870995,1.14E+16,7.61407151,7.61407151,7.61407151,FALSE,FALSE,FALSE
LightGBM,descriptors,375,0.3,217,-1.659495193,4.844381006,5.728870995,1.14E+16,7.61407151,7.61407151,7.61407151,FALSE,FALSE,FALSE
LightGBM,all,375,0.3,1408,-1.659495193,4.844381006,5.728870995,1.14E+16,7.61407151,7.61407151,7.61407151,FALSE,FALSE,FALSE
CatBoost,all,325,0.3,1408,-1.682314724,4.262734239,4.870111667,8.10441E+15,10.21211151,10.53816469,9.396332602,FALSE,FALSE,FALSE
RandomForest,descriptors,325,0.2,217,-1.68660152,4.304545,5.572146385,1.95079E+15,17.69128,17.685,20.10631,TRUE,FALSE,FALSE
LightGBM,morgan,250,0.2,512,-1.702423899,5.11975004,5.547111767,6.48124596,7.13700008,7.13700008,7.13700008,FALSE,FALSE,FALSE
LightGBM,maccs,250,0.2,167,-1.702423899,5.11975004,5.547111767,6.48124596,7.13700008,7.13700008,7.13700008,FALSE,FALSE,FALSE
LightGBM,rdkit,250,0.2,512,-1.702423899,5.11975004,5.547111767,6.48124596,7.13700008,7.13700008,7.13700008,FALSE,FALSE,FALSE
LightGBM,descriptors,250,0.2,217,-1.702423899,5.11975004,5.547111767,6.48124596,7.13700008,7.13700008,7.13700008,FALSE,FALSE,FALSE
LightGBM,all,250,0.2,1408,-1.702423899,5.11975004,5.547111767,6.48124596,7.13700008,7.13700008,7.13700008,FALSE,FALSE,FALSE
CatBoost,all,375,0.3,1408,-1.710070363,4.593917805,5.783086941,1.09E+16,11.22014233,10.62331551,10.72092967,TRUE,FALSE,FALSE
CatBoost,all,250,0.2,1408,-1.728952825,5.227804194,5.574272481,6.267590208,9.334841058,9.897205372,9.712800709,FALSE,FALSE,FALSE
RandomForest,all,250,0.2,1408,-1.765818679,5.19226,5.611798035,6.55594071,14.59055,16.43818,18.74718,TRUE,FALSE,FALSE
CatBoost,descriptors,325,0.2,217,-1.834807926,3.958549001,5.72377704,2.67683E+15,14.65538457,14.36882774,17.05821371,TRUE,FALSE,FALSE
RandomForest,all,375,0.3,1408,-1.837830421,4.642703333,5.917832355,1.17E+16,12.85521,15.43074,16.74691,TRUE,FALSE,FALSE
RandomForest,descriptors,325,0.3,217,-1.864429843,4.298368333,5.032724389,6.23049E+15,17.48094,18.24803,19.89373,TRUE,FALSE,FALSE
XGBoost,descriptors,375,0.2,217,-1.970848864,4.246493465,5.291063846,1.06E+16,28.88863945,28.88863945,32.62443161,TRUE,FALSE,FALSE
CatBoost,rdkit,250,0.2,512,-1.988146391,4.727974129,5.832988429,6.134223139,5.170068867,10.38871111,7.161355728,FALSE,FALSE,FALSE
RandomForest,descriptors,250,0.2,217,-2.012151391,5.6819825,5.856370952,6.687267617,16.53812,15.74924,19.08724,TRUE,FALSE,FALSE
CatBoost,maccs,325,0.3,167,-2.02610882,4.642125052,5.172807575,9.89796E+15,11.96673586,10.42438229,13.60592195,TRUE,FALSE,FALSE
KNN,maccs,325,0.2,167,-2.186516869,5.61635,6.068467076,2.5317E+15,15.9508,16.5658,16.5658,TRUE,FALSE,FALSE
RandomForest,morgan,375,0.2,512,-2.273462568,4.55267,5.554006867,1.30E+16,9.82819,12.7066,10.34426,FALSE,FALSE,FALSE
RandomForest,maccs,250,0.2,167,-2.31784291,5.2970075,6.146361357,7.183233296,20.12169,20.05248,20.38159,TRUE,FALSE,FALSE
CatBoost,maccs,375,0.2,167,-2.405793078,4.619603948,5.665155722,1.39E+16,8.428913879,7.619342882,8.732063743,FALSE,FALSE,FALSE
KNN,descriptors,375,0.3,217,-2.408695421,4.849366667,6.485799764,1.13E+16,19.0976,13.5406,17.9984,TRUE,FALSE,FALSE
KNN,rdkit,325,0.2,512,-2.534425478,4.69805,6.39116903,8.90812E+14,2.266,11.3964,10.2054,FALSE,FALSE,FALSE
XGBoost,rdkit,400,0.2,512,-2.535106609,16.67848626,20.77913598,2.090912338,1.516808033,37.53811646,37.53811646,FALSE,FALSE,FALSE
RandomForest,all,325,0.3,1408,-2.54770669,4.790805,5.600901125,8.58067E+15,15.11593,15.62339,17.47746,TRUE,FALSE,FALSE
KNN,descriptors,375,0.2,217,-2.629190611,5.2954,5.848003343,1.01E+16,19.0976,13.5406,19.0976,TRUE,FALSE,FALSE
LightGBM,morgan,375,0.2,512,-2.849086091,5.22212504,6.022565546,1.64E+16,7.292750079,7.292750079,7.292750079,FALSE,FALSE,FALSE
LightGBM,maccs,375,0.2,167,-2.849086091,5.22212504,6.022565546,1.64E+16,7.292750079,7.292750079,7.292750079,FALSE,FALSE,FALSE
LightGBM,rdkit,375,0.2,512,-2.849086091,5.22212504,6.022565546,1.64E+16,7.292750079,7.292750079,7.292750079,FALSE,FALSE,FALSE
LightGBM,descriptors,375,0.2,217,-2.849086091,5.22212504,6.022565546,1.64E+16,7.292750079,7.292750079,7.292750079,FALSE,FALSE,FALSE
LightGBM,all,375,0.2,1408,-2.849086091,5.22212504,6.022565546,1.64E+16,7.292750079,7.292750079,7.292750079,FALSE,FALSE,FALSE
CatBoost,all,375,0.2,1408,-2.9126975,5.534607829,6.072127181,1.33E+16,9.400203205,10.00764133,10.87917667,FALSE,FALSE,FALSE
CatBoost,rdkit,325,0.3,512,-2.946190233,5.077782177,5.907082838,1.23E+16,5.476541405,7.871410582,9.22581082,FALSE,FALSE,FALSE
CatBoost,all,250,0.3,1408,-3.14391937,5.098101249,5.644209824,4.644975344,15.46120733,13.70674967,10.72303941,TRUE,FALSE,FALSE
XGBoost,maccs,375,0.2,167,-3.221051233,5.077104232,6.306857734,1.32E+16,2.867970705,3.835794449,2.604501009,FALSE,FALSE,FALSE
XGBoost,descriptors,250,0.2,217,-3.287514128,6.975771297,6.987035696,7.067154766,29.23327637,29.26393509,32.61991119,TRUE,FALSE,FALSE
CatBoost,rdkit,375,0.3,512,-3.301343715,5.201127977,7.285703815,1.12E+16,7.439710607,9.549550619,6.81030596,FALSE,FALSE,FALSE
LightGBM,morgan,250,0.3,512,-3.405392195,5.376452443,5.819555188,5.474053534,7.791428664,7.791428664,7.791428664,FALSE,FALSE,FALSE
LightGBM,maccs,250,0.3,167,-3.405392195,5.376452443,5.819555188,5.474053534,7.791428664,7.791428664,7.791428664,FALSE,FALSE,FALSE
LightGBM,rdkit,250,0.3,512,-3.405392195,5.376452443,5.819555188,5.474053534,7.791428664,7.791428664,7.791428664,FALSE,FALSE,FALSE
LightGBM,descriptors,250,0.3,217,-3.405392195,5.376452443,5.819555188,5.474053534,7.791428664,7.791428664,7.791428664,FALSE,FALSE,FALSE
LightGBM,all,250,0.3,1408,-3.405392195,5.376452443,5.819555188,5.474053534,7.791428664,7.791428664,7.791428664,FALSE,FALSE,FALSE
LightGBM,morgan,325,0.3,512,-3.922986844,6.072238156,6.597788508,1.20E+16,8.023357234,8.023357234,8.023357234,FALSE,FALSE,FALSE
LightGBM,maccs,325,0.3,167,-3.922986844,6.072238156,6.597788508,1.20E+16,8.023357234,8.023357234,8.023357234,FALSE,FALSE,FALSE
LightGBM,rdkit,325,0.3,512,-3.922986844,6.072238156,6.597788508,1.20E+16,8.023357234,8.023357234,8.023357234,FALSE,FALSE,FALSE
LightGBM,descriptors,325,0.3,217,-3.922986844,6.072238156,6.597788508,1.20E+16,8.023357234,8.023357234,8.023357234,FALSE,FALSE,FALSE
LightGBM,all,325,0.3,1408,-3.922986844,6.072238156,6.597788508,1.20E+16,8.023357234,8.023357234,8.023357234,FALSE,FALSE,FALSE
CatBoost,rdkit,250,0.3,512,-4.862616556,5.816876403,6.713411174,6.004345494,9.628144351,8.564051872,6.420670101,FALSE,FALSE,FALSE
KNN,maccs,375,0.3,167,-4.90314069,6.065833333,8.535146992,1.71E+16,16.3582,16.4166,16.3582,TRUE,FALSE,FALSE
RandomForest,all,375,0.2,1408,-5.443867868,6.487875,7.792486098,1.76E+16,14.48267,14.64233,15.73472,TRUE,FALSE,FALSE
CatBoost,descriptors,250,0.3,217,-5.446604623,5.748678722,7.039843744,4.904673404,18.64588715,15.11722952,19.55211739,TRUE,FALSE,FALSE
KNN,descriptors,325,0.2,217,-5.742212531,5.62585,8.827182554,3.02777E+15,19.3052,19.3052,18.1476,TRUE,FALSE,FALSE
CatBoost,morgan,375,0.2,512,-5.767109253,5.424151395,7.985540506,1.77E+16,3.348694403,5.663129753,2.965855252,FALSE,FALSE,FALSE
RandomForest,maccs,375,0.3,167,-5.794694416,6.333581667,9.15702506,1.72E+16,11.12618,10.54021,11.08688,TRUE,FALSE,FALSE
RandomForest,rdkit,325,0.3,512,-5.839520725,7.080473333,7.77672761,1.40E+16,16.24847,13.62019,9.39893,FALSE,FALSE,FALSE
XGBoost,rdkit,375,0.3,512,-6.352191773,6.386385618,9.525282203,1.24E+16,1.09765029,30.85908508,8.569681168,FALSE,FALSE,FALSE
RandomForest,maccs,325,0.3,167,-6.378955794,5.519828333,8.077584443,1.56E+16,12.32844,12.68612,12.30752,TRUE,FALSE,FALSE
RandomForest,descriptors,250,0.3,217,-6.509092567,7.114181667,7.597859024,6.842945208,18.32165,17.83874,19.16037,TRUE,FALSE,FALSE
KNN,all,250,0.2,1408,-7.012585651,8.39315,9.5516087,7.968657073,10.4498,19.0976,16.4166,TRUE,FALSE,FALSE
RandomForest,rdkit,250,0.2,512,-7.471398146,8.7171525,9.821271722,10.71731435,12.67713,16.58128,13.83175,TRUE,FALSE,FALSE
RandomForest,all,250,0.3,1408,-7.51138202,7.223605,8.089050446,7.284667737,16.89246,17.16912,19.35291,TRUE,FALSE,FALSE
KNN,all,325,0.2,1408,-7.621829868,7.6128,9.982070056,2.95459E+15,10.2736,19.3052,19.3052,TRUE,FALSE,FALSE
RandomForest,rdkit,375,0.3,512,-7.635526693,8.321831667,10.3231884,1.58E+16,17.13142,17.49844,12.36978,TRUE,FALSE,FALSE
KNN,maccs,375,0.2,167,-7.888260632,6.78705,9.151896782,2.32E+16,17.5158,17.7234,16.3582,TRUE,FALSE,FALSE
KNN,descriptors,325,0.3,217,-8.242210017,6.206533333,9.040073658,1.19E+16,19.3052,19.3052,18.1476,TRUE,FALSE,FALSE
RandomForest,maccs,250,0.3,167,-8.50143904,7.620003333,8.546576714,7.986688578,19.57258,18.80636,19.65433,TRUE,FALSE,FALSE
KNN,maccs,325,0.3,167,-8.600913412,7.187766667,9.213832842,1.62E+16,15.9508,16.5658,16.5658,TRUE,FALSE,FALSE
KNN,maccs,250,0.3,167,-8.62435681,7.161033333,8.601681543,6.262591988,15.9508,19.2468,19.2468,TRUE,FALSE,FALSE
KNN,all,375,0.2,1408,-8.635435905,8.21435,9.528804271,1.66E+16,10.4498,20.4044,17.5158,TRUE,FALSE,FALSE
XGBoost,descriptors,325,0.2,217,-8.852501902,5.694822131,10.67073053,8.67309E+14,23.35384941,23.35404015,32.63759232,TRUE,FALSE,FALSE
KNN,rdkit,325,0.3,512,-9.07703645,6.532033333,9.439532092,1.48E+16,2.266,18.9044,10.1334,FALSE,FALSE,FALSE
CatBoost,rdkit,375,0.2,512,-10.2033901,8.197155013,10.27489641,1.83E+16,6.252786224,8.549175609,6.104774794,FALSE,FALSE,FALSE
KNN,rdkit,375,0.3,512,-10.30894469,9.221666667,11.81355148,1.50E+16,0.9268,19.0976,10.1334,FALSE,FALSE,FALSE
KNN,all,375,0.3,1408,-10.32056205,9.4643,11.81961778,1.57E+16,10.4498,19.0976,16.4166,TRUE,FALSE,FALSE
RandomForest,maccs,375,0.2,167,-10.36032461,7.89729,10.34661034,2.46E+16,12.87438,12.5307,12.64242,TRUE,FALSE,FALSE
KNN,rdkit,250,0.2,512,-10.70810448,9.70605,11.54605108,8.895638424,2.266,18.6902,10.3132,FALSE,FALSE,FALSE
KNN,descriptors,250,0.3,217,-10.93588909,8.3335,9.57910402,6.190559327,18.8954,18.8954,19.2468,TRUE,FALSE,FALSE
KNN,all,325,0.3,1408,-13.24889121,8.326333333,11.224696,1.61E+16,10.2736,19.3052,19.3052,TRUE,FALSE,FALSE
XGBoost,rdkit,375,0.2,512,-13.60432451,9.600806589,11.73122758,1.86E+16,1.079964757,30.85972214,8.193531036,FALSE,FALSE,FALSE
KNN,morgan,325,0.2,512,-14.14746102,12.9982,13.23094338,1.33E+16,20.165,18.6902,18.6902,TRUE,FALSE,FALSE
KNN,rdkit,375,0.2,512,-14.73741363,10.0028,12.17781586,1.60E+16,1.0944,20.4044,11.7962,FALSE,FALSE,FALSE
XGBoost,descriptors,325,0.3,217,-16.29112967,8.451638931,12.365046,1.20E+16,29.37766457,29.37817574,32.63303757,TRUE,FALSE,FALSE
KNN,morgan,375,0.2,512,-17.29685143,13.1234,13.13079145,3.04E+16,13.3038,20.4044,13.3038,TRUE,FALSE,FALSE
RandomForest,rdkit,375,0.2,512,-17.43971522,9.9659225,13.18195509,2.17E+16,14.92531,15.51362,12.04341,TRUE,FALSE,FALSE
KNN,rdkit,250,0.3,512,-18.04441838,10.38703333,12.09988824,9.005173134,2.266,18.6902,10.3132,FALSE,FALSE,FALSE
RandomForest,rdkit,250,0.3,512,-19.97350312,11.77342,12.69793178,11.39966926,14.06733,17.28207,14.79039,TRUE,FALSE,FALSE
KNN,morgan,325,0.3,512,-20.61681319,13.56543333,13.82546946,1.79E+16,20.165,18.6902,18.6902,TRUE,FALSE,FALSE
KNN,morgan,375,0.3,512,-21.1509114,16.14733333,16.53351668,2.90E+16,19.0976,19.0976,19.0976,TRUE,FALSE,FALSE
KNN,all,250,0.3,1408,-22.08771565,11.6027,13.32256919,9.612278726,15.8306,18.6902,18.9214,TRUE,FALSE,FALSE
KNN,morgan,250,0.2,512,-24.01960014,16.51905,16.87836453,19.00403118,19.0976,18.6902,19.0976,TRUE,FALSE,FALSE
XGBoost,descriptors,250,0.3,217,-25.74151098,11.89242442,14.33806264,7.332666817,26.69577599,26.70145226,32.63988495,TRUE,FALSE,FALSE
KNN,morgan,250,0.3,512,-34.05829209,16.26116667,16.41696527,14.48601048,20.165,18.6902,18.6902,TRUE,FALSE,FALSE
XGBoost,rdkit,250,0.2,512,-34.44631137,13.70799132,20.0898042,20.51054051,1.726053357,30.85906029,3.06987071,FALSE,FALSE,FALSE
XGBoost,rdkit,250,0.3,512,-35.03959135,10.76162389,16.64513918,14.64510242,6.133765697,30.85907173,2.128614187,FALSE,FALSE,FALSE
